<cacti>	
	<hash_040012247d4a9305fa3e201e1f105c74951523>
		<name>Mikrotik - Queue Tree</name>
		<description>Queue Tree Graphing</description>
		<xml_path>&lt;path_cacti&gt;/resource/snmp_queries/ipacmikro.xml</xml_path>
		<data_input_id>hash_030012bf566c869ac6443b0c75d1c32b5a350e</data_input_id>
		<graphs>
			<hash_110012b10674489bbf150127a9b7fd46a9a67f>
				<name>Mikrotik - Queue Tree Bytes</name>
				<graph_template_id>hash_000012b41bc3f0277258c40226f04cc47d7762</graph_template_id>
				<rrd>
					<item_000>
						<snmp_field_name>qtBytes</snmp_field_name>
						<data_template_id>hash_010012091fa41c0d6c766708ae8343cf02755f</data_template_id>
						<data_template_rrd_id>hash_08001247dff1b2d0ac068ba8695c4d894a87fb</data_template_rrd_id>
					</item_000>
				</rrd>
				<sv_graph>
				</sv_graph>
				<sv_data_source>
				</sv_data_source>
			</hash_110012b10674489bbf150127a9b7fd46a9a67f>
		</graphs>
	</hash_040012247d4a9305fa3e201e1f105c74951523>
	<hash_030012bf566c869ac6443b0c75d1c32b5a350e>
		<name>Get SNMP Data (Indexed)</name>
		<type_id>3</type_id>
		<input_string></input_string>
		<fields>
			<hash_070012617cdc8a230615e59f06f361ef6e7728>
				<name>SNMP IP Address</name>
				<update_rra></update_rra>
				<regexp_match></regexp_match>
				<allow_nulls></allow_nulls>
				<type_code>hostname</type_code>
				<input_output>in</input_output>
				<data_name>management_ip</data_name>
			</hash_070012617cdc8a230615e59f06f361ef6e7728>
			<hash_070012acb449d1451e8a2a655c2c99d31142c7>
				<name>SNMP Community</name>
				<update_rra></update_rra>
				<regexp_match></regexp_match>
				<allow_nulls></allow_nulls>
				<type_code>snmp_community</type_code>
				<input_output>in</input_output>
				<data_name>snmp_community</data_name>
			</hash_070012acb449d1451e8a2a655c2c99d31142c7>
			<hash_070012f4facc5e2ca7ebee621f09bc6d9fc792>
				<name>SNMP Username (v3)</name>
				<update_rra></update_rra>
				<regexp_match></regexp_match>
				<allow_nulls>on</allow_nulls>
				<type_code>snmp_username</type_code>
				<input_output>in</input_output>
				<data_name>snmp_username</data_name>
			</hash_070012f4facc5e2ca7ebee621f09bc6d9fc792>
			<hash_0700121cc1493a6781af2c478fa4de971531cf>
				<name>SNMP Password (v3)</name>
				<update_rra></update_rra>
				<regexp_match></regexp_match>
				<allow_nulls>on</allow_nulls>
				<type_code>snmp_password</type_code>
				<input_output>in</input_output>
				<data_name>snmp_password</data_name>
			</hash_0700121cc1493a6781af2c478fa4de971531cf>
			<hash_070012b5c23f246559df38662c255f4aa21d6b>
				<name>SNMP Version (1, 2, or 3)</name>
				<update_rra></update_rra>
				<regexp_match></regexp_match>
				<allow_nulls></allow_nulls>
				<type_code>snmp_version</type_code>
				<input_output>in</input_output>
				<data_name>snmp_version</data_name>
			</hash_070012b5c23f246559df38662c255f4aa21d6b>
			<hash_0700126027a919c7c7731fbe095b6f53ab127b>
				<name>Index Type</name>
				<update_rra></update_rra>
				<regexp_match></regexp_match>
				<allow_nulls></allow_nulls>
				<type_code>index_type</type_code>
				<input_output>in</input_output>
				<data_name>index_type</data_name>
			</hash_0700126027a919c7c7731fbe095b6f53ab127b>
			<hash_070012cbbe5c1ddfb264a6e5d509ce1c78c95f>
				<name>Index Value</name>
				<update_rra></update_rra>
				<regexp_match></regexp_match>
				<allow_nulls></allow_nulls>
				<type_code>index_value</type_code>
				<input_output>in</input_output>
				<data_name>index_value</data_name>
			</hash_070012cbbe5c1ddfb264a6e5d509ce1c78c95f>
			<hash_070012e6deda7be0f391399c5130e7c4a48b28>
				<name>Output Type ID</name>
				<update_rra></update_rra>
				<regexp_match></regexp_match>
				<allow_nulls></allow_nulls>
				<type_code>output_type</type_code>
				<input_output>in</input_output>
				<data_name>output_type</data_name>
			</hash_070012e6deda7be0f391399c5130e7c4a48b28>
			<hash_070012c1f36ee60c3dc98945556d57f26e475b>
				<name>SNMP Port</name>
				<update_rra></update_rra>
				<regexp_match></regexp_match>
				<allow_nulls></allow_nulls>
				<type_code>snmp_port</type_code>
				<input_output>in</input_output>
				<data_name>snmp_port</data_name>
			</hash_070012c1f36ee60c3dc98945556d57f26e475b>
		</fields>
	</hash_030012bf566c869ac6443b0c75d1c32b5a350e>
	<hash_000012b41bc3f0277258c40226f04cc47d7762>
		<name>Mikrotik - Queue Tree / Bytes</name>
		<graph>
			<t_title></t_title>
			<title>|host_description| - Bytes - |query_qtName|</title>
			<t_image_format_id></t_image_format_id>
			<image_format_id>1</image_format_id>
			<t_height></t_height>
			<height>120</height>
			<t_width></t_width>
			<width>500</width>
			<t_auto_scale></t_auto_scale>
			<auto_scale>on</auto_scale>
			<t_auto_scale_opts></t_auto_scale_opts>
			<auto_scale_opts>2</auto_scale_opts>
			<t_auto_scale_log></t_auto_scale_log>
			<auto_scale_log></auto_scale_log>
			<t_auto_scale_rigid></t_auto_scale_rigid>
			<auto_scale_rigid></auto_scale_rigid>
			<t_auto_padding></t_auto_padding>
			<auto_padding>on</auto_padding>
			<t_export></t_export>
			<export>on</export>
			<t_upper_limit></t_upper_limit>
			<upper_limit>100</upper_limit>
			<t_lower_limit></t_lower_limit>
			<lower_limit>0</lower_limit>
			<t_base_value></t_base_value>
			<base_value>1000</base_value>
			<t_unit_value></t_unit_value>
			<unit_value></unit_value>
			<t_unit_exponent_value></t_unit_exponent_value>
			<unit_exponent_value></unit_exponent_value>
			<t_vertical_label></t_vertical_label>
			<vertical_label></vertical_label>
		</graph>
		<items>
			<hash_1000127682af204d81e054c3e171aa88f784cc>
				<task_item_id>hash_08001247dff1b2d0ac068ba8695c4d894a87fb</task_item_id>
				<color_id>4444FF</color_id>
				<graph_type_id>7</graph_type_id>
				<consolidation_function_id>1</consolidation_function_id>
				<cdef_id>0</cdef_id>
				<value></value>
				<gprint_id>hash_060012e9c43831e54eca8069317a2ce8c6f751</gprint_id>
				<text_format></text_format>
				<hard_return></hard_return>
				<sequence>1</sequence>
			</hash_1000127682af204d81e054c3e171aa88f784cc>
		</items>
		<inputs>
			<hash_090012ff59af628cac34858d00273ba43679c4>
				<name>Data Source [qt_bytes]</name>
				<description></description>
				<column_name>task_item_id</column_name>
				<items>hash_0000127682af204d81e054c3e171aa88f784cc</items>
			</hash_090012ff59af628cac34858d00273ba43679c4>
		</inputs>
	</hash_000012b41bc3f0277258c40226f04cc47d7762>
	<hash_010012091fa41c0d6c766708ae8343cf02755f>
		<name>Mikrotik - Queue</name>
		<ds>
			<t_name>on</t_name>
			<name>|host_description| - Bytes - |query_qtName|</name>
			<data_input_id>hash_030012bf566c869ac6443b0c75d1c32b5a350e</data_input_id>
			<t_rra_id></t_rra_id>
			<t_rrd_step></t_rrd_step>
			<rrd_step>300</rrd_step>
			<t_active></t_active>
			<active>on</active>
			<rra_items>hash_150012c21df5178e5c955013591239eb0afd46|hash_1500120d9c0af8b8acdc7807943937b3208e29|hash_1500126fc2d038fb42950138b0ce3e9874cc60|hash_150012e36f3adb9f152adfa5dc50fd2b23337e</rra_items>
		</ds>
		<items>
			<hash_08001247dff1b2d0ac068ba8695c4d894a87fb>
				<t_data_source_name></t_data_source_name>
				<data_source_name>qt_bytes</data_source_name>
				<t_rrd_minimum></t_rrd_minimum>
				<rrd_minimum>0</rrd_minimum>
				<t_rrd_maximum></t_rrd_maximum>
				<rrd_maximum>0</rrd_maximum>
				<t_data_source_type_id></t_data_source_type_id>
				<data_source_type_id>2</data_source_type_id>
				<t_rrd_heartbeat></t_rrd_heartbeat>
				<rrd_heartbeat>600</rrd_heartbeat>
				<t_data_input_field_id></t_data_input_field_id>
				<data_input_field_id>0</data_input_field_id>
			</hash_08001247dff1b2d0ac068ba8695c4d894a87fb>
		</items>
		<data>
			<item_000>
				<data_input_field_id>hash_070012c1f36ee60c3dc98945556d57f26e475b</data_input_field_id>
				<t_value></t_value>
				<value></value>
			</item_000>
			<item_001>
				<data_input_field_id>hash_070012e6deda7be0f391399c5130e7c4a48b28</data_input_field_id>
				<t_value>on</t_value>
				<value></value>
			</item_001>
			<item_002>
				<data_input_field_id>hash_070012cbbe5c1ddfb264a6e5d509ce1c78c95f</data_input_field_id>
				<t_value>on</t_value>
				<value></value>
			</item_002>
			<item_003>
				<data_input_field_id>hash_0700126027a919c7c7731fbe095b6f53ab127b</data_input_field_id>
				<t_value>on</t_value>
				<value></value>
			</item_003>
			<item_004>
				<data_input_field_id>hash_070012b5c23f246559df38662c255f4aa21d6b</data_input_field_id>
				<t_value></t_value>
				<value></value>
			</item_004>
			<item_005>
				<data_input_field_id>hash_0700121cc1493a6781af2c478fa4de971531cf</data_input_field_id>
				<t_value></t_value>
				<value></value>
			</item_005>
			<item_006>
				<data_input_field_id>hash_070012f4facc5e2ca7ebee621f09bc6d9fc792</data_input_field_id>
				<t_value></t_value>
				<value></value>
			</item_006>
			<item_007>
				<data_input_field_id>hash_070012acb449d1451e8a2a655c2c99d31142c7</data_input_field_id>
				<t_value></t_value>
				<value></value>
			</item_007>
			<item_008>
				<data_input_field_id>hash_070012617cdc8a230615e59f06f361ef6e7728</data_input_field_id>
				<t_value></t_value>
				<value></value>
			</item_008>
		</data>
	</hash_010012091fa41c0d6c766708ae8343cf02755f>
	<hash_150012c21df5178e5c955013591239eb0afd46>
		<name>Daily (5 Minute Average)</name>
		<x_files_factor>0.5</x_files_factor>
		<steps>1</steps>
		<rows>600</rows>
		<timespan>86400</timespan>
		<cf_items>1|2|3|4</cf_items>
	</hash_150012c21df5178e5c955013591239eb0afd46>
	<hash_1500120d9c0af8b8acdc7807943937b3208e29>
		<name>Weekly (30 Minute Average)</name>
		<x_files_factor>0.5</x_files_factor>
		<steps>6</steps>
		<rows>700</rows>
		<timespan>604800</timespan>
		<cf_items>1|2|3|4</cf_items>
	</hash_1500120d9c0af8b8acdc7807943937b3208e29>
	<hash_1500126fc2d038fb42950138b0ce3e9874cc60>
		<name>Monthly (2 Hour Average)</name>
		<x_files_factor>0.5</x_files_factor>
		<steps>24</steps>
		<rows>775</rows>
		<timespan>2678400</timespan>
		<cf_items>1|2|3|4</cf_items>
	</hash_1500126fc2d038fb42950138b0ce3e9874cc60>
	<hash_150012e36f3adb9f152adfa5dc50fd2b23337e>
		<name>Yearly (1 Day Average)</name>
		<x_files_factor>0.5</x_files_factor>
		<steps>288</steps>
		<rows>797</rows>
		<timespan>33053184</timespan>
		<cf_items>1|2|3|4</cf_items>
	</hash_150012e36f3adb9f152adfa5dc50fd2b23337e>
	<hash_060012e9c43831e54eca8069317a2ce8c6f751>
		<name>Normal</name>
		<gprint_text>%8.2lf %s</gprint_text>
	</hash_060012e9c43831e54eca8069317a2ce8c6f751>
</cacti>