<query>
	<name>Get SNMP Queue Tree</name>
	<description>Queries a host for a list of Queue Trees</description>
	<index_order_type>numeric</index_order_type>
	<oid_index>.1.3.6.1.4.1.14988.1.1.2.2.1</oid_index>

	<fields>
		<qtName>
			<name>Name</name>
			<method>walk</method>
			<source>value</source>
		        <direction>input</direction>
			<oid>.1.3.6.1.4.1.14988.1.1.2.2.1.2</oid>
		</qtName>
		<qtFlow>
			<name>Flow</name>
			<method>walk</method>
			<source>value</source>
		        <direction>input</direction>
			<oid>.1.3.6.1.4.1.14988.1.1.2.2.1.3</oid>
		</qtFlow>
		<qtBytes>
			<name>Bytes</name>
			<method>walk</method>
			<source>value</source>
			<direction>output</direction>
			<oid>.1.3.6.1.4.1.14988.1.1.2.2.1.5</oid>
		</qtBytes>
		<qtPackets>
			<name>Packets</name>
			<method>walk</method>
			<source>value</source>
			<direction>output</direction>
			<oid>.1.3.6.1.4.1.14988.1.1.2.2.1.6</oid>
		</qtPackets>
	</fields>
</query>
